1. Număr încercări: 10, Cuvânt găsit: ICONOGRAFĂ, Status: OK, Litere încercate: A B E N C I O G F Ă
2. Număr încercări: 12, Cuvânt găsit: FAGOCITUL, Status: OK, Litere încercate: B S A O R H I F G T U L
3. Număr încercări: 5, Cuvânt găsit: APICOLILOR, Status: OK, Litere încercate: A I O L R
4. Număr încercări: 7, Cuvânt găsit: HIPOPLAZII, Status: OK, Litere încercate: E R P I L A Z
5. Număr încercări: 6, Cuvânt găsit: PROHODI, Status: OK, Litere încercate: G R T I P D
6. Număr încercări: 5, Cuvânt găsit: CIOPLEA, Status: OK, Litere încercate: A C I O E
7. Număr încercări: 10, Cuvânt găsit: COVÂRȘITELOR, Status: OK, Litere încercate: A D E C O Â R Ș T L
8. Număr încercări: 6, Cuvânt găsit: PÂRGUIRILE, Status: OK, Litere încercate: I Â R G L E
9. Număr încercări: 7, Cuvânt găsit: BURGHIERILE, Status: OK, Litere încercate: A G B U H I L
10. Număr încercări: 7, Cuvânt găsit: SAMAVOLNICII, Status: OK, Litere încercate: S A V O L N C
11. Număr încercări: 8, Cuvânt găsit: CĂȘĂIEȘTE, Status: OK, Litere încercate: B L N E C R Ș I
12. Număr încercări: 5, Cuvânt găsit: SISALUL, Status: OK, Litere încercate: A N I L U
13. Număr încercări: 5, Cuvânt găsit: CINERARIILE, Status: OK, Litere încercate: C I N E L
14. Număr încercări: 9, Cuvânt găsit: DEZAGLOMERĂM, Status: OK, Litere încercate: A L D E Z G O M Ă
15. Număr încercări: 6, Cuvânt găsit: TETRODĂ, Status: OK, Litere încercate: A C T E D O
16. Număr încercări: 10, Cuvânt găsit: MÂNJITURII, Status: OK, Litere încercate: A N C O F I M Â J T
17. Număr încercări: 9, Cuvânt găsit: DESOFISTICĂRII, Status: OK, Litere încercate: A R D S O I T C Ă
18. Număr încercări: 5, Cuvânt găsit: TĂIERI, Status: OK, Litere încercate: A M I Ă E
19. Număr încercări: 7, Cuvânt găsit: GENTILEȚILOR, Status: OK, Litere încercate: G E N T Ț O R
20. Număr încercări: 15, Cuvânt găsit: NENOROCITUL, Status: OK, Litere încercate: A P L C I M E H X D N O R T U
21. Număr încercări: 11, Cuvânt găsit: ÎNAINTĂ, Status: OK, Litere încercate: A F R L Y H Ș E Î N Ă
22. Număr încercări: 9, Cuvânt găsit: ISTMICUL, Status: OK, Litere încercate: A C R B U S I T M
23. Număr încercări: 9, Cuvânt găsit: ASCUȚITUNGHICUL, Status: OK, Litere încercate: A S Ț I T N G H L
24. Număr încercări: 6, Cuvânt găsit: OBNUBILĂRILOR, Status: OK, Litere încercate: B N U I L R
25. Număr încercări: 6, Cuvânt găsit: BUMBĂCELULUI, Status: OK, Litere încercate: B U M E L I
26. Număr încercări: 12, Cuvânt găsit: POSTĂVĂRIILE, Status: OK, Litere încercate: B U M C E P L O S T V I
27. Număr încercări: 11, Cuvânt găsit: CENTROZOMUL, Status: OK, Litere încercate: A R C N T I F U O Z M
28. Număr încercări: 6, Cuvânt găsit: DEBAVURASE, Status: OK, Litere încercate: A D E B V R
29. Număr încercări: 7, Cuvânt găsit: VRAMIȚE, Status: OK, Litere încercate: E C H M R A Ț
30. Număr încercări: 8, Cuvânt găsit: RETORI, Status: OK, Litere încercate: A L I N U R E O
31. Număr încercări: 7, Cuvânt găsit: EPISTOLARELOR, Status: OK, Litere încercate: A E P S T O R
32. Număr încercări: 9, Cuvânt găsit: ÎNCHIABUREAȚI, Status: OK, Litere încercate: Î N C I A U R E Ț
33. Număr încercări: 7, Cuvânt găsit: LAMINATOAREA, Status: OK, Litere încercate: O A M I N T R
34. Număr încercări: 9, Cuvânt găsit: PLATINEZ, Status: OK, Litere încercate: A R N G O P L T I
35. Număr încercări: 12, Cuvânt găsit: ȚĂNDĂRELEI, Status: OK, Litere încercate: A Z O E B U N F I Ț Ă L
36. Număr încercări: 11, Cuvânt găsit: TEVATURI, Status: OK, Litere încercate: A L H M B T E V U Ă I
37. Număr încercări: 7, Cuvânt găsit: FIDANȚATA, Status: OK, Litere încercate: E R A I N Ț T
38. Număr încercări: 10, Cuvânt găsit: EXONDĂRILE, Status: OK, Litere încercate: V A N S I X O D Ă R
39. Număr încercări: 8, Cuvânt găsit: DECOMANDATĂ, Status: OK, Litere încercate: C D E O N R T Ă
40. Număr încercări: 4, Cuvânt găsit: OMAGIALI, Status: OK, Litere încercate: A O G I
41. Număr încercări: 8, Cuvânt găsit: STÂLPISEM, Status: OK, Litere încercate: A U T S Â L I M
42. Număr încercări: 4, Cuvânt găsit: ELFILOR, Status: OK, Litere încercate: F I O R
43. Număr încercări: 7, Cuvânt găsit: DECONCERTANTELE, Status: OK, Litere încercate: D E O N R T L
44. Număr încercări: 4, Cuvânt găsit: GAGICULUI, Status: OK, Litere încercate: G A C L
45. Număr încercări: 10, Cuvânt găsit: APELARĂM, Status: OK, Litere încercate: B U D Z E I P R Ă M
46. Număr încercări: 9, Cuvânt găsit: SPERMATOFITELOR, Status: OK, Litere încercate: S P E R M A T I L
47. Număr încercări: 8, Cuvânt găsit: NECREDINCIOȘILOR, Status: OK, Litere încercate: H I N E C D Ș L
48. Număr încercări: 9, Cuvânt găsit: CINSTEȚUL, Status: OK, Litere încercate: A N C O Ț I E U L
49. Număr încercări: 9, Cuvânt găsit: NEOFORMAȚIUNII, Status: OK, Litere încercate: B I N E F M A Ț U
50. Număr încercări: 7, Cuvânt găsit: PEGMATITUL, Status: OK, Litere încercate: E U M A T I L
51. Număr încercări: 12, Cuvânt găsit: PLUTUIEȘTE, Status: OK, Litere încercate: C E R A M N F L U Ș P I
52. Număr încercări: 4, Cuvânt găsit: CINTEZII, Status: OK, Litere încercate: C N T Z
53. Număr încercări: 17, Cuvânt găsit: FOLFĂIESC, Status: OK, Litere încercate: B G O M L I V A N C D T R F Ă E S
54. Număr încercări: 7, Cuvânt găsit: OTORINOLARINGOLOGELOR, Status: OK, Litere încercate: O T R N A G E
55. Număr încercări: 5, Cuvânt găsit: ESTETIZANTEI, Status: OK, Litere încercate: N S T I Z
56. Număr încercări: 7, Cuvânt găsit: BALAOACHEȘĂ, Status: OK, Litere încercate: A L O C H E Ș
57. Număr încercări: 7, Cuvânt găsit: NOTĂRIȚĂ, Status: OK, Litere încercate: C D N T R I Ț
58. Număr încercări: 6, Cuvânt găsit: DULEȚI, Status: OK, Litere încercate: A I E N U Ț
59. Număr încercări: 9, Cuvânt găsit: RICKETTSIOZEI, Status: OK, Litere încercate: A G R I C K T O Z
60. Număr încercări: 3, Cuvânt găsit: CIREȘE, Status: OK, Litere încercate: E I R
61. Număr încercări: 6, Cuvânt găsit: ZGĂRDAT, Status: OK, Litere încercate: B R Z G A T
62. Număr încercări: 7, Cuvânt găsit: PREȚIOASELOR, Status: OK, Litere încercate: A P R E Ț I S
63. Număr încercări: 6, Cuvânt găsit: DIMPREJUR, Status: OK, Litere încercate: E I M P J U
64. Număr încercări: 5, Cuvânt găsit: BULBUCAT, Status: OK, Litere încercate: A B O C U
65. Număr încercări: 6, Cuvânt găsit: ARIERDUNĂ, Status: OK, Litere încercate: A R I E U Ă
66. Număr încercări: 11, Cuvânt găsit: FLACIDEI, Status: OK, Litere încercate: B O C N I U L F A D E
67. Număr încercări: 7, Cuvânt găsit: CONVENȚIONALI, Status: OK, Litere încercate: C O N V E I A
68. Număr încercări: 9, Cuvânt găsit: CUCONIȚĂ, Status: OK, Litere încercate: A B E R N C O I U
69. Număr încercări: 7, Cuvânt găsit: NELINIȘTITORULUI, Status: OK, Litere încercate: E L I T O R U
70. Număr încercări: 8, Cuvânt găsit: BIHINDISIRILE, Status: OK, Litere încercate: A I H N D S L E
71. Număr încercări: 8, Cuvânt găsit: ÎMPLINIREA, Status: OK, Litere încercate: A B E Î M P I R
72. Număr încercări: 5, Cuvânt găsit: INSTIGÂND, Status: OK, Litere încercate: N T G Â D
73. Număr încercări: 8, Cuvânt găsit: RECENTE, Status: OK, Litere încercate: I H A R D E N T
74. Număr încercări: 8, Cuvânt găsit: EMBLEMĂ, Status: OK, Litere încercate: C O S Z U M B L
75. Număr încercări: 8, Cuvânt găsit: SINGURAȘUL, Status: OK, Litere încercate: B U S I N R A L
76. Număr încercări: 8, Cuvânt găsit: SUBSECRETARULUI, Status: OK, Litere încercate: S U B C R A L I
77. Număr încercări: 10, Cuvânt găsit: DEVITALIZASERĂM, Status: OK, Litere încercate: D V I T A L Z S R M
78. Număr încercări: 8, Cuvânt găsit: SUBAPRECIEZ, Status: OK, Litere încercate: A B S U P E C Z
79. Număr încercări: 5, Cuvânt găsit: CLASATULUI, Status: OK, Litere încercate: A S T U I
80. Număr încercări: 9, Cuvânt găsit: FARAONICUL, Status: OK, Litere încercate: A B G O F I C U L
81. Număr încercări: 5, Cuvânt găsit: ÎNROLĂRILOR, Status: OK, Litere încercate: Î N L Ă I
82. Număr încercări: 11, Cuvânt găsit: PRIMEZIU, Status: OK, Litere încercate: A C H E L I T R P M Z
83. Număr încercări: 7, Cuvânt găsit: CRUCIATULUI, Status: OK, Litere încercate: O N L R U I T
84. Număr încercări: 13, Cuvânt găsit: PRODIGATELE, Status: OK, Litere încercate: R B O L C P S E D I G A T
85. Număr încercări: 16, Cuvânt găsit: VINA, Status: OK, Litere încercate: A N Z B O R E I C J K L M Q S V
86. Număr încercări: 5, Cuvânt găsit: CIFRARĂM, Status: OK, Litere încercate: C A I Ă M
87. Număr încercări: 10, Cuvânt găsit: ÎNFRUNTASEM, Status: OK, Litere încercate: C Y N Î F R U T A E
88. Număr încercări: 10, Cuvânt găsit: VIOȘELI, Status: OK, Litere încercate: B R A E T Ă C V I L
89. Număr încercări: 8, Cuvânt găsit: AMUȘISERĂȚI, Status: OK, Litere încercate: A M U Ș I S E R
90. Număr încercări: 9, Cuvânt găsit: TELEGRAFIARĂ, Status: OK, Litere încercate: P N T L G A F I Ă
91. Număr încercări: 10, Cuvânt găsit: CITRONADELE, Status: OK, Litere încercate: B A R C I T O N E L
92. Număr încercări: 10, Cuvânt găsit: BASCHETBALIȘTILOR, Status: OK, Litere încercate: B A C H E T L I Ș O
93. Număr încercări: 10, Cuvânt găsit: SEPTICUL, Status: OK, Litere încercate: A S R O F I E T C U
94. Număr încercări: 3, Cuvânt găsit: VENENO, Status: OK, Litere încercate: N E V
95. Număr încercări: 12, Cuvânt găsit: GUDRONĂM, Status: OK, Litere încercate: C I O R V T B D G U N M
96. Număr încercări: 8, Cuvânt găsit: CORDENCIULUI, Status: OK, Litere încercate: A D I O E N U L
97. Număr încercări: 11, Cuvânt găsit: STROPȘIRE, Status: OK, Litere încercate: A M B U L O R P Ș I E
98. Număr încercări: 6, Cuvânt găsit: FOILETONIST, Status: OK, Litere încercate: O L E T N S
99. Număr încercări: 10, Cuvânt găsit: PLICISERĂ, Status: OK, Litere încercate: A G O N I P L C E R
100. Număr încercări: 3, Cuvânt găsit: ACHITAT, Status: OK, Litere încercate: C H I

Total pași: 801